"Name","Platform","Compiles","CompilesDouble","Uses","UsesDouble","PermutationString"
"/Engine/EngineMaterials/NaniteHiddenSectionMaterial.NaniteHiddenSectionMaterial","0","25","0","1","139","Compiling NaniteHiddenSectionMaterial: Platform=PCD3D_SM5, Usage=LightingModel=MSM_DefaultLit, BlendMode=BLEND_Opaque, SpecialEngine=0, TwoSided=1, TSNormal=1, Masked=0, Distorted=0, WritesEveryPixel=1, ModifiesMeshPosition=1, Usage={}"
"/Engine/EngineDebugMaterials/DebugMeshMaterial.DebugMeshMaterial","0","5","0","1","14","Compiling DebugMeshMaterial: Platform=PCD3D_SM5, Usage=LightingModel=MSM_Unlit, BlendMode=BLEND_Translucent, SpecialEngine=0, TwoSided=1, TSNormal=1, Masked=0, Distorted=0, WritesEveryPixel=1, ModifiesMeshPosition=0, Usage={}"
"/Engine/EngineDebugMaterials/M_SimpleUnlitTranslucent.M_SimpleUnlitTranslucent","0","3","0","3","5","Compiling M_SimpleUnlitTranslucent: Platform=PCD3D_SM5, Usage=LightingModel=MSM_Unlit, BlendMode=BLEND_Translucent, SpecialEngine=0, TwoSided=0, TSNormal=1, Masked=0, Distorted=0, WritesEveryPixel=1, ModifiesMeshPosition=0, Usage={}"
"/ControlRig/Controls/ControlRigXRayMaterial.ControlRigXRayMaterial","0","8","0","2","45","Compiling ControlRigXRayMaterial: Platform=PCD3D_SM5, Usage=LightingModel=MSM_Unlit, BlendMode=BLEND_Translucent, SpecialEngine=0, TwoSided=0, TSNormal=1, Masked=0, Distorted=0, WritesEveryPixel=1, ModifiesMeshPosition=1, Usage={bUsedWithStaticLighting}"
"/Engine/EditorLandscapeResources/SplineEditorMeshMat.SplineEditorMeshMat","0","10","0","1","73","Compiling SplineEditorMeshMat: Platform=PCD3D_SM5, Usage=LightingModel=MSM_Unlit, BlendMode=BLEND_Opaque, SpecialEngine=0, TwoSided=1, TSNormal=1, Masked=0, Distorted=0, WritesEveryPixel=1, ModifiesMeshPosition=0, Usage={bUsedWithSplineMeshes}"
"/Engine/EditorMaterials/Camera/CineMat.CineMat","0","24","0","2","302","Compiling CineMat: Platform=PCD3D_SM5, Usage=LightingModel=MSM_DefaultLit, BlendMode=BLEND_Opaque, SpecialEngine=0, TwoSided=0, TSNormal=1, Masked=0, Distorted=0, WritesEveryPixel=1, ModifiesMeshPosition=0, Usage={bUsedWithSplineMeshes}"
"/Engine/VREditor/TransformGizmo/Xray.Xray","0","12","0","4","80","Compiling Xray: Platform=PCD3D_SM5, Usage=LightingModel=MSM_DefaultLit, BlendMode=BLEND_Opaque, SpecialEngine=0, TwoSided=0, TSNormal=1, Masked=0, Distorted=0, WritesEveryPixel=1, ModifiesMeshPosition=0, Usage={}"
"/Engine/VREditor/TransformGizmo/Main.Main","0","3","0","1","8","Compiling Main: Platform=PCD3D_SM5, Usage=LightingModel=MSM_Unlit, BlendMode=BLEND_Translucent, SpecialEngine=0, TwoSided=0, TSNormal=1, Masked=0, Distorted=0, WritesEveryPixel=1, ModifiesMeshPosition=0, Usage={}"
"/Game/Blueprints/FogOfWar/FOW_Explored_Mat.FOW_Explored_Mat","0","3","0","1","8","Compiling FOW_Explored_Mat: Platform=PCD3D_SM5, Usage=LightingModel=MSM_Unlit, BlendMode=BLEND_Additive, SpecialEngine=0, TwoSided=0, TSNormal=1, Masked=0, Distorted=0, WritesEveryPixel=1, ModifiesMeshPosition=0, Usage={}"
"/Game/Blueprints/FogOfWar/FOW_Exploring_Mat.FOW_Exploring_Mat","0","3","0","1","8","Compiling FOW_Exploring_Mat: Platform=PCD3D_SM5, Usage=LightingModel=MSM_Unlit, BlendMode=BLEND_Additive, SpecialEngine=0, TwoSided=0, TSNormal=1, Masked=0, Distorted=0, WritesEveryPixel=1, ModifiesMeshPosition=0, Usage={}"
"/Engine/EngineMaterials/DefaultTextMaterialOpaque.DefaultTextMaterialOpaque","0","27","0","1","201","Compiling DefaultTextMaterialOpaque: Platform=PCD3D_SM5, Usage=LightingModel=MSM_DefaultLit, BlendMode=BLEND_Masked, SpecialEngine=0, TwoSided=1, TSNormal=1, Masked=1, Distorted=0, WritesEveryPixel=0, ModifiesMeshPosition=0, Usage={}"
"/Engine/EngineMaterials/PPM_DefaultCalibrationGrayscale.PPM_DefaultCalibrationGrayscale","0","4","0","1","13","Compiling PPM_DefaultCalibrationGrayscale: Platform=PCD3D_SM5, Usage=LightingModel=MSM_Unlit, BlendMode=BLEND_Opaque, SpecialEngine=0, TwoSided=0, TSNormal=1, Masked=0, Distorted=0, WritesEveryPixel=1, ModifiesMeshPosition=0, Usage={}"
"/Engine/EngineMaterials/PPM_DefaultCalibrationColor.PPM_DefaultCalibrationColor","0","4","0","1","13","Compiling PPM_DefaultCalibrationColor: Platform=PCD3D_SM5, Usage=LightingModel=MSM_Unlit, BlendMode=BLEND_Opaque, SpecialEngine=0, TwoSided=0, TSNormal=1, Masked=0, Distorted=0, WritesEveryPixel=1, ModifiesMeshPosition=0, Usage={}"
"/Engine/EditorMaterials/PreviewShadowIndicatorMaterial.PreviewShadowIndicatorMaterial","0","15","0","1","91","Compiling PreviewShadowIndicatorMaterial: Platform=PCD3D_SM5, Usage=LightingModel=MSM_Unlit, BlendMode=BLEND_Opaque, SpecialEngine=0, TwoSided=0, TSNormal=1, Masked=0, Distorted=0, WritesEveryPixel=1, ModifiesMeshPosition=0, Usage={}"
"/Game/StarterContent/Materials/M_Metal_Steel.M_Metal_Steel","0","21","0","1","176","Compiling M_Metal_Steel: Platform=PCD3D_SM5, Usage=LightingModel=MSM_DefaultLit, BlendMode=BLEND_Opaque, SpecialEngine=0, TwoSided=0, TSNormal=1, Masked=0, Distorted=0, WritesEveryPixel=1, ModifiesMeshPosition=0, Usage={bUsedWithStaticLighting}"
"/Game/Blueprints/FogOfWar/FOW_GameActorMat.FOW_GameActorMat","0","3","0","1","8","Compiling FOW_GameActorMat: Platform=PCD3D_SM5, Usage=LightingModel=MSM_Unlit, BlendMode=BLEND_Translucent, SpecialEngine=0, TwoSided=0, TSNormal=1, Masked=0, Distorted=0, WritesEveryPixel=1, ModifiesMeshPosition=0, Usage={}"
"/SpeedTreeImporter/SpeedTree9/SpeedTreeBillboardMaster.SpeedTreeBillboardMaster","0","54","0","6","576","Compiling SpeedTreeBillboardMaster: Platform=PCD3D_SM5, Usage=LightingModel=MSM_TwoSidedFoliage, BlendMode=BLEND_Masked, SpecialEngine=0, TwoSided=0, TSNormal=1, Masked=1, Distorted=0, WritesEveryPixel=0, ModifiesMeshPosition=1, Usage={bUsedWithInstancedStaticMeshes}, StaticSwitch'SharedEnable2-1'=True"
"/SpeedTreeImporter/SpeedTree9/SpeedTreeMaster.SpeedTreeMaster","0","80","0","1","1170","Compiling SpeedTreeMaster: Platform=PCD3D_SM5, Usage=LightingModel=MSM_TwoSidedFoliage, BlendMode=BLEND_Masked, SpecialEngine=0, TwoSided=1, TSNormal=1, Masked=1, Distorted=0, WritesEveryPixel=0, ModifiesMeshPosition=1, Usage={bUsedWithStaticLighting,bUsedWithInstancedStaticMeshes}, StaticSwitch'Branch1Enable2-1'=True, StaticSwitch'Branch2Enable2-1'=False, StaticSwitch'FlipBacksideNormals2-1'=True, StaticSwitch'HandleCameraFacing2-1'=False, StaticSwitch'HasBranch2Data_Internal2-1'=False, StaticSwitch'RippleEnable2-1'=True, StaticSwitch'RippleShimmerEnable2-1'=False, StaticSwitch'SharedEnable2-1'=True"
"/Paper2D/DefaultSpriteMaterial.DefaultSpriteMaterial","0","10","0","1","81","Compiling DefaultSpriteMaterial: Platform=PCD3D_SM5, Usage=LightingModel=MSM_Unlit, BlendMode=BLEND_Opaque, SpecialEngine=0, TwoSided=1, TSNormal=1, Masked=0, Distorted=0, WritesEveryPixel=1, ModifiesMeshPosition=0, Usage={bUsedWithNiagaraSprites}"
"/Paper2D/DefaultSpriteMaterial.DefaultSpriteMaterial","0","30","0","7","148","Compiling DefaultSpriteMaterial: Platform=PCD3D_SM5, Usage=LightingModel=MSM_Unlit, BlendMode=BLEND_Masked, SpecialEngine=0, TwoSided=1, TSNormal=1, Masked=1, Distorted=0, WritesEveryPixel=0, ModifiesMeshPosition=0, Usage={bUsedWithNiagaraSprites}"
"/Engine/EngineMaterials/Widget3DPassThrough.Widget3DPassThrough","0","15","0","1","86","Compiling Widget3DPassThrough: Platform=PCD3D_SM5, Usage=LightingModel=MSM_Unlit, BlendMode=BLEND_Masked, SpecialEngine=0, TwoSided=1, TSNormal=1, Masked=1, Distorted=0, WritesEveryPixel=0, ModifiesMeshPosition=0, Usage={}"
"/Engine/EngineMaterials/Widget3DPassThrough.Widget3DPassThrough","0","5","0","3","21","Compiling Widget3DPassThrough: Platform=PCD3D_SM5, Usage=LightingModel=MSM_Unlit, BlendMode=BLEND_Opaque, SpecialEngine=0, TwoSided=1, TSNormal=1, Masked=0, Distorted=0, WritesEveryPixel=1, ModifiesMeshPosition=0, Usage={}"
"/Engine/EngineMaterials/Widget3DPassThrough.Widget3DPassThrough","0","5","0","1","19","Compiling Widget3DPassThrough: Platform=PCD3D_SM5, Usage=LightingModel=MSM_Unlit, BlendMode=BLEND_Translucent, SpecialEngine=0, TwoSided=1, TSNormal=1, Masked=0, Distorted=0, WritesEveryPixel=1, ModifiesMeshPosition=0, Usage={}"
"/Engine/EngineMaterials/Widget3DPassThrough.Widget3DPassThrough","0","3","0","1","8","Compiling Widget3DPassThrough: Platform=PCD3D_SM5, Usage=LightingModel=MSM_Unlit, BlendMode=BLEND_Translucent, SpecialEngine=0, TwoSided=0, TSNormal=1, Masked=0, Distorted=0, WritesEveryPixel=1, ModifiesMeshPosition=0, Usage={}"
"/Engine/EngineMaterials/Widget3DPassThrough.Widget3DPassThrough","0","15","0","2","89","Compiling Widget3DPassThrough: Platform=PCD3D_SM5, Usage=LightingModel=MSM_Unlit, BlendMode=BLEND_Masked, SpecialEngine=0, TwoSided=0, TSNormal=1, Masked=1, Distorted=0, WritesEveryPixel=0, ModifiesMeshPosition=0, Usage={}"
"/Engine/EngineMaterials/Widget3DPassThrough.Widget3DPassThrough","0","2","0","2","3","Compiling Widget3DPassThrough: Platform=PCD3D_SM5, Usage=LightingModel=MSM_Unlit, BlendMode=BLEND_Opaque, SpecialEngine=0, TwoSided=0, TSNormal=1, Masked=0, Distorted=0, WritesEveryPixel=1, ModifiesMeshPosition=0, Usage={}"
"/Game/Blueprints/Sprite_FaceCamera/Test_Sprite.Test_Sprite","0","12","0","1","59","Compiling Test_Sprite: Platform=PCD3D_SM5, Usage=LightingModel=MSM_DefaultLit, BlendMode=BLEND_Opaque, SpecialEngine=0, TwoSided=0, TSNormal=1, Masked=0, Distorted=0, WritesEveryPixel=1, ModifiesMeshPosition=0, Usage={}"
"/Game/Blueprints/Tile_Textures/Asset_Textures/Materials/Rock_Material.Rock_Material","0","18","0","1","126","Compiling Rock_Material: Platform=PCD3D_SM5, Usage=LightingModel=MSM_DefaultLit, BlendMode=BLEND_Translucent, SpecialEngine=0, TwoSided=0, TSNormal=1, Masked=0, Distorted=0, WritesEveryPixel=1, ModifiesMeshPosition=0, Usage={}"
"/Game/Blueprints/Tile_Textures/Asset_Textures/Materials/Tree_Material.Tree_Material","0","18","0","2","100","Compiling Tree_Material: Platform=PCD3D_SM5, Usage=LightingModel=MSM_DefaultLit, BlendMode=BLEND_Translucent, SpecialEngine=0, TwoSided=0, TSNormal=1, Masked=0, Distorted=0, WritesEveryPixel=1, ModifiesMeshPosition=0, Usage={}"
"/Game/Materials/M_HexTile.M_HexTile","0","24","0","1","176","Compiling M_HexTile: Platform=PCD3D_SM5, Usage=LightingModel=MSM_DefaultLit, BlendMode=BLEND_Opaque, SpecialEngine=0, TwoSided=0, TSNormal=1, Masked=0, Distorted=0, WritesEveryPixel=1, ModifiesMeshPosition=0, Usage={bUsedWithInstancedStaticMeshes,bUsedWithNanite}, StaticSwitch'Instanced?2-1'=False"
"/Game/Materials/M_HexTile.M_HexTile","0","24","0","1","158","Compiling M_HexTile: Platform=PCD3D_SM5, Usage=LightingModel=MSM_DefaultLit, BlendMode=BLEND_Opaque, SpecialEngine=0, TwoSided=0, TSNormal=1, Masked=0, Distorted=0, WritesEveryPixel=1, ModifiesMeshPosition=0, Usage={bUsedWithInstancedStaticMeshes,bUsedWithNanite}, StaticSwitch'Instanced?2-1'=True"
"/Game/Materials/M_HexTileBlight.M_HexTileBlight","0","36","0","2","293","Compiling M_HexTileBlight: Platform=PCD3D_SM5, Usage=LightingModel=MSM_DefaultLit, BlendMode=BLEND_Translucent, SpecialEngine=0, TwoSided=0, TSNormal=1, Masked=0, Distorted=0, WritesEveryPixel=1, ModifiesMeshPosition=0, Usage={bUsedWithInstancedStaticMeshes}, StaticSwitch'Instanced?2-1'=False"
"/Engine/EngineSky/M_Sky_Panning_Clouds2.M_Sky_Panning_Clouds2","0","2","0","2","3","Compiling M_Sky_Panning_Clouds2: Platform=PCD3D_SM5, Usage=LightingModel=MSM_Unlit, BlendMode=BLEND_Opaque, SpecialEngine=0, TwoSided=0, TSNormal=1, Masked=0, Distorted=0, WritesEveryPixel=1, ModifiesMeshPosition=0, Usage={bUsedWithStaticLighting}"
"/Engine/EngineDebugMaterials/DebugEditorMaterial.DebugEditorMaterial","0","0","0","6","0","Compiling DebugEditorMaterial: Platform=PCD3D_SM5, Usage=LightingModel=MSM_Unlit, BlendMode=BLEND_Opaque, SpecialEngine=0, TwoSided=1, TSNormal=1, Masked=0, Distorted=0, WritesEveryPixel=1, ModifiesMeshPosition=0, Usage={}"
"/MeshModelingToolset/Materials/M_DynamicMeshComponentVtxColor.M_DynamicMeshComponentVtxColor","0","0","0","18","0","Compiling M_DynamicMeshComponentVtxColor: Platform=PCD3D_SM5, Usage=LightingModel=MSM_DefaultLit, BlendMode=BLEND_Opaque, SpecialEngine=0, TwoSided=1, TSNormal=1, Masked=0, Distorted=0, WritesEveryPixel=1, ModifiesMeshPosition=0, Usage={}"
"/Engine/EngineMaterials/GizmoMaterial.GizmoMaterial","0","0","0","6","0","Compiling GizmoMaterial: Platform=PCD3D_SM5, Usage=LightingModel=MSM_Unlit, BlendMode=BLEND_Opaque, SpecialEngine=0, TwoSided=1, TSNormal=1, Masked=0, Distorted=0, WritesEveryPixel=1, ModifiesMeshPosition=0, Usage={}"
"/Engine/EngineMaterials/RemoveSurfaceMaterial.RemoveSurfaceMaterial","0","0","0","2","0","Compiling RemoveSurfaceMaterial: Platform=PCD3D_SM5, Usage=LightingModel=MSM_Unlit, BlendMode=BLEND_Opaque, SpecialEngine=0, TwoSided=0, TSNormal=1, Masked=0, Distorted=0, WritesEveryPixel=1, ModifiesMeshPosition=0, Usage={bUsedWithStaticLighting}"
"/Engine/EngineMaterials/DefaultLightFunctionMaterial.DefaultLightFunctionMaterial","0","0","0","15","0","Compiling DefaultLightFunctionMaterial: Platform=PCD3D_SM5, Usage=LightingModel=MSM_Unlit, BlendMode=BLEND_Opaque, SpecialEngine=0, TwoSided=0, TSNormal=1, Masked=0, Distorted=0, WritesEveryPixel=1, ModifiesMeshPosition=0, Usage={}"
"/Engine/EditorMaterials/PhAT_NoCollisionMaterial.PhAT_NoCollisionMaterial","0","0","0","3","0","Compiling PhAT_NoCollisionMaterial: Platform=PCD3D_SM5, Usage=LightingModel=MSM_Unlit, BlendMode=BLEND_Translucent, SpecialEngine=0, TwoSided=0, TSNormal=1, Masked=0, Distorted=0, WritesEveryPixel=1, ModifiesMeshPosition=0, Usage={}"
"/Engine/EditorMaterials/PhAT_UnselectedMaterial.PhAT_UnselectedMaterial","0","0","0","3","0","Compiling PhAT_UnselectedMaterial: Platform=PCD3D_SM5, Usage=LightingModel=MSM_Unlit, BlendMode=BLEND_Translucent, SpecialEngine=0, TwoSided=0, TSNormal=1, Masked=0, Distorted=0, WritesEveryPixel=1, ModifiesMeshPosition=0, Usage={}"
"/Engine/VREditor/TransformGizmo/TranslucentTransformGizmoMaterial.TranslucentTransformGizmoMaterial","0","0","0","3","0","Compiling TranslucentTransformGizmoMaterial: Platform=PCD3D_SM5, Usage=LightingModel=MSM_Unlit, BlendMode=BLEND_Translucent, SpecialEngine=0, TwoSided=0, TSNormal=1, Masked=0, Distorted=0, WritesEveryPixel=1, ModifiesMeshPosition=0, Usage={}"
"/ControlRig/Controls/ControlRigGizmoMaterial.ControlRigGizmoMaterial","0","0","0","2","0","Compiling ControlRigGizmoMaterial: Platform=PCD3D_SM5, Usage=LightingModel=MSM_Unlit, BlendMode=BLEND_Opaque, SpecialEngine=0, TwoSided=0, TSNormal=1, Masked=0, Distorted=0, WritesEveryPixel=1, ModifiesMeshPosition=0, Usage={}"
"/Game/StarterContent/Materials/M_Basic_Wall.M_Basic_Wall","0","21","0","1","73","Compiling M_Basic_Wall: Platform=PCD3D_SM5, Usage=LightingModel=MSM_DefaultLit, BlendMode=BLEND_Opaque, SpecialEngine=0, TwoSided=0, TSNormal=1, Masked=0, Distorted=0, WritesEveryPixel=1, ModifiesMeshPosition=0, Usage={bUsedWithStaticLighting}"
"/Engine/EngineSky/M_SimpleSkyDome.M_SimpleSkyDome","0","2","0","2","3","Compiling M_SimpleSkyDome: Platform=PCD3D_SM5, Usage=LightingModel=MSM_Unlit, BlendMode=BLEND_Opaque, SpecialEngine=0, TwoSided=0, TSNormal=1, Masked=0, Distorted=0, WritesEveryPixel=1, ModifiesMeshPosition=0, Usage={}"
"/Game/Materials/M_FogOfWar.M_FogOfWar","0","4","0","4","6","Compiling M_FogOfWar: Platform=PCD3D_SM5, Usage=LightingModel=MSM_Unlit, BlendMode=BLEND_Opaque, SpecialEngine=0, TwoSided=0, TSNormal=1, Masked=0, Distorted=0, WritesEveryPixel=1, ModifiesMeshPosition=0, Usage={}"
"/Game/Characters/Mannequins/Materials/M_Mannequin.M_Mannequin","0","26","0","1","185","Compiling M_Mannequin: Platform=PCD3D_SM5, Usage=LightingModel=MSM_ClearCoat, BlendMode=BLEND_Opaque, SpecialEngine=0, TwoSided=0, TSNormal=1, Masked=0, Distorted=0, WritesEveryPixel=1, ModifiesMeshPosition=0, Usage={bUsedWithSkeletalMesh}, StaticSwitch'UseLogo2-1'=False"
"/Game/Characters/Mannequins/Materials/M_Mannequin.M_Mannequin","0","26","0","1","195","Compiling M_Mannequin: Platform=PCD3D_SM5, Usage=LightingModel=MSM_ClearCoat, BlendMode=BLEND_Opaque, SpecialEngine=0, TwoSided=0, TSNormal=1, Masked=0, Distorted=0, WritesEveryPixel=1, ModifiesMeshPosition=0, Usage={bUsedWithSkeletalMesh}, StaticSwitch'UseLogo2-1'=True"
"/Game/Materials/M_River.M_River","0","12","0","1","61","Compiling M_River: Platform=PCD3D_SM5, Usage=LightingModel=MSM_SingleLayerWater, BlendMode=BLEND_Opaque, SpecialEngine=0, TwoSided=0, TSNormal=1, Masked=0, Distorted=0, WritesEveryPixel=1, ModifiesMeshPosition=0, Usage={}"
"/Engine/BasicShapes/BasicShapeMaterial.BasicShapeMaterial","0","63","0","1","595","Compiling BasicShapeMaterial: Platform=PCD3D_SM5, Usage=LightingModel=MSM_DefaultLit, BlendMode=BLEND_Opaque, SpecialEngine=0, TwoSided=0, TSNormal=1, Masked=0, Distorted=0, WritesEveryPixel=1, ModifiesMeshPosition=0, Usage={bUsedWithStaticLighting,bUsedWithInstancedStaticMeshes,bUsedWithGeometryCollections,bUsedWithNanite}"
"/Volumetrics/Content/Sky/Materials/M_VolumetricCloud_02_Profiles_PaintClouds.M_VolumetricCloud_02_Profiles_PaintClouds","0","68","0","1","637","Compiling M_VolumetricCloud_02_Profiles_PaintClouds: Platform=PCD3D_SM5, Usage=LightingModel=MSM_DefaultLit, BlendMode=BLEND_Additive, SpecialEngine=0, TwoSided=0, TSNormal=1, Masked=0, Distorted=0, WritesEveryPixel=1, ModifiesMeshPosition=0, Usage={bUsedWithVolumetricCloud}"
"/Engine/EngineMaterials/FlattenMaterial_WS_Normal_VT.FlattenMaterial_WS_Normal_VT","0","33","0","6","234","Compiling FlattenMaterial_WS_Normal_VT: Platform=PCD3D_SM5, Usage=LightingModel=MSM_DefaultLit, BlendMode=BLEND_Opaque, SpecialEngine=0, TwoSided=0, TSNormal=0, Masked=0, Distorted=0, WritesEveryPixel=1, ModifiesMeshPosition=0, Usage={bUsedWithSkeletalMesh,bUsedWithStaticLighting,bUsedWithMorphTargets,bUsedWithNanite}, StaticSwitch'PackMetallic2-1'=False, StaticSwitch'PackRoughness2-1'=False, StaticSwitch'PackSpecular2-1'=False, StaticSwitch'UseAmbientOcclusion2-1'=False, StaticSwitch'UseBaseColor2-1'=False, StaticSwitch'UseCustomUV2-1'=False, StaticSwitch'UseEmissiveColor2-1'=False, StaticSwitch'UseEmissiveHDR2-1'=False, StaticSwitch'UseMetallic2-1'=False, StaticSwitch'UseOpacity2-1'=False, StaticSwitch'UseOpacityMask2-1'=False, StaticSwitch'UseRoughness2-1'=False, StaticSwitch'UseSpecular2-1'=False, StaticSwitch'UseUV12-1'=False, StaticSwitch'UseUV22-1'=False, StaticSwitch'UseUV32-1'=False, StaticSwitch'UseUV42-1'=False, StaticSwitch'UseUV52-1'=False, StaticSwitch'UseUV62-1'=False"
"/Engine/EngineMaterials/FlattenMaterial_VT.FlattenMaterial_VT","0","33","0","2","147","Compiling FlattenMaterial_VT: Platform=PCD3D_SM5, Usage=LightingModel=MSM_DefaultLit, BlendMode=BLEND_Opaque, SpecialEngine=0, TwoSided=0, TSNormal=1, Masked=0, Distorted=0, WritesEveryPixel=1, ModifiesMeshPosition=0, Usage={bUsedWithSkeletalMesh,bUsedWithStaticLighting,bUsedWithMorphTargets,bUsedWithNanite}, StaticSwitch'PackMetallic2-1'=False, StaticSwitch'PackRoughness2-1'=False, StaticSwitch'PackSpecular2-1'=False, StaticSwitch'UseAmbientOcclusion2-1'=False, StaticSwitch'UseBaseColor2-1'=False, StaticSwitch'UseCustomUV2-1'=False, StaticSwitch'UseEmissiveColor2-1'=False, StaticSwitch'UseEmissiveHDR2-1'=False, StaticSwitch'UseMetallic2-1'=False, StaticSwitch'UseOpacity2-1'=False, StaticSwitch'UseOpacityMask2-1'=False, StaticSwitch'UseRoughness2-1'=False, StaticSwitch'UseSpecular2-1'=False, StaticSwitch'UseUV12-1'=False, StaticSwitch'UseUV22-1'=False, StaticSwitch'UseUV32-1'=False, StaticSwitch'UseUV42-1'=False, StaticSwitch'UseUV52-1'=False, StaticSwitch'UseUV62-1'=False"
"/Engine/EngineMaterials/FlattenMaterial.FlattenMaterial","0","33","0","1","150","Compiling FlattenMaterial: Platform=PCD3D_SM5, Usage=LightingModel=MSM_DefaultLit, BlendMode=BLEND_Opaque, SpecialEngine=0, TwoSided=0, TSNormal=1, Masked=0, Distorted=0, WritesEveryPixel=1, ModifiesMeshPosition=0, Usage={bUsedWithSkeletalMesh,bUsedWithStaticLighting,bUsedWithMorphTargets,bUsedWithNanite}, StaticSwitch'PackMetallic2-1'=False, StaticSwitch'PackRoughness2-1'=False, StaticSwitch'PackSpecular2-1'=False, StaticSwitch'UseAmbientOcclusion2-1'=False, StaticSwitch'UseBaseColor2-1'=False, StaticSwitch'UseCustomUV2-1'=False, StaticSwitch'UseEmissiveColor2-1'=False, StaticSwitch'UseEmissiveHDR2-1'=False, StaticSwitch'UseMetallic2-1'=False, StaticSwitch'UseOpacity2-1'=False, StaticSwitch'UseOpacityMask2-1'=False, StaticSwitch'UseRoughness2-1'=False, StaticSwitch'UseSpecular2-1'=False, StaticSwitch'UseUV12-1'=False, StaticSwitch'UseUV22-1'=False, StaticSwitch'UseUV32-1'=False, StaticSwitch'UseUV42-1'=False, StaticSwitch'UseUV52-1'=False, StaticSwitch'UseUV62-1'=False"
"/Engine/EngineMaterials/M_InvalidLightmapSettings.M_InvalidLightmapSettings","0","24","0","2","134","Compiling M_InvalidLightmapSettings: Platform=PCD3D_SM5, Usage=LightingModel=MSM_DefaultLit, BlendMode=BLEND_Opaque, SpecialEngine=0, TwoSided=0, TSNormal=1, Masked=0, Distorted=0, WritesEveryPixel=1, ModifiesMeshPosition=0, Usage={bUsedWithInstancedStaticMeshes}"
"/Engine/EngineMaterials/EmissiveMeshMaterial.EmissiveMeshMaterial","0","5","0","5","5","Compiling EmissiveMeshMaterial: Platform=PCD3D_SM5, Usage=LightingModel=MSM_Unlit, BlendMode=BLEND_Additive, SpecialEngine=0, TwoSided=1, TSNormal=1, Masked=0, Distorted=0, WritesEveryPixel=1, ModifiesMeshPosition=0, Usage={}"
"/Engine/EngineMaterials/WorldGridMaterial.WorldGridMaterial","0","611","0","10","24420","Compiling WorldGridMaterial: Platform=PCD3D_SM5, Usage=LightingModel=MSM_DefaultLit, BlendMode=BLEND_Opaque, SpecialEngine=1, TwoSided=0, TSNormal=1, Masked=0, Distorted=0, WritesEveryPixel=1, ModifiesMeshPosition=0, Usage={}"
"/Engine/EngineMaterials/PhAT_JointLimitMaterial.PhAT_JointLimitMaterial","0","8","0","9","16","Compiling PhAT_JointLimitMaterial: Platform=PCD3D_SM5, Usage=LightingModel=MSM_Unlit, BlendMode=BLEND_Translucent, SpecialEngine=0, TwoSided=1, TSNormal=1, Masked=0, Distorted=0, WritesEveryPixel=1, ModifiesMeshPosition=1, Usage={}"
"/Engine/EngineDebugMaterials/M_VolumeRenderSphereTracePP.M_VolumeRenderSphereTracePP","0","4","0","4","4","Compiling M_VolumeRenderSphereTracePP: Platform=PCD3D_SM5, Usage=LightingModel=MSM_Unlit, BlendMode=BLEND_Opaque, SpecialEngine=0, TwoSided=0, TSNormal=1, Masked=0, Distorted=0, WritesEveryPixel=1, ModifiesMeshPosition=0, Usage={}"
"/ControlRig/M_Manip.M_Manip","0","8","0","9","13","Compiling M_Manip: Platform=PCD3D_SM5, Usage=LightingModel=MSM_Unlit, BlendMode=BLEND_Translucent, SpecialEngine=0, TwoSided=0, TSNormal=1, Masked=0, Distorted=0, WritesEveryPixel=1, ModifiesMeshPosition=1, Usage={}"
"/Engine/VREditor/TransformGizmo/TransformGizmoMaterial.TransformGizmoMaterial","0","2","0","2","3","Compiling TransformGizmoMaterial: Platform=PCD3D_SM5, Usage=LightingModel=MSM_Unlit, BlendMode=BLEND_Opaque, SpecialEngine=0, TwoSided=0, TSNormal=1, Masked=0, Distorted=0, WritesEveryPixel=1, ModifiesMeshPosition=0, Usage={}"
"/Engine/EngineMaterials/DefaultDeferredDecalMaterial.DefaultDeferredDecalMaterial","0","87","0","3","1333","Compiling DefaultDeferredDecalMaterial: Platform=PCD3D_SM5, Usage=LightingModel=MSM_DefaultLit, BlendMode=BLEND_Translucent, SpecialEngine=0, TwoSided=0, TSNormal=1, Masked=0, Distorted=0, WritesEveryPixel=1, ModifiesMeshPosition=0, Usage={bUsedWithSkeletalMesh,bUsedWithStaticLighting,bUsedWithSplineMeshes}"
"/Engine/EngineMaterials/DefaultMaterial.DefaultMaterial","0","123","0","1","1556","Compiling DefaultMaterial: Platform=PCD3D_SM5, Usage=LightingModel=MSM_DefaultLit, BlendMode=BLEND_Opaque, SpecialEngine=0, TwoSided=0, TSNormal=1, Masked=0, Distorted=0, WritesEveryPixel=1, ModifiesMeshPosition=0, Usage={bUsedWithSkeletalMesh,bUsedWithMeshParticles,bUsedWithStaticLighting,bUsedWithSplineMeshes,bUsedWithInstancedStaticMeshes,bUsedWithNiagaraSprites,bUsedWithNiagaraRibbons,bUsedWithNiagaraMeshParticles}"
"/Engine/EngineSky/VolumetricClouds/m_SimpleVolumetricCloud.m_SimpleVolumetricCloud","0","68","0","4","442","Compiling m_SimpleVolumetricCloud: Platform=PCD3D_SM5, Usage=LightingModel=MSM_DefaultLit, BlendMode=BLEND_Additive, SpecialEngine=0, TwoSided=0, TSNormal=1, Masked=0, Distorted=0, WritesEveryPixel=1, ModifiesMeshPosition=0, Usage={bUsedWithVolumetricCloud}"
"/Engine/EngineMaterials/DefaultPostProcessMaterial.DefaultPostProcessMaterial","0","6","0","6","10","Compiling DefaultPostProcessMaterial: Platform=PCD3D_SM5, Usage=LightingModel=MSM_Unlit, BlendMode=BLEND_Opaque, SpecialEngine=0, TwoSided=0, TSNormal=1, Masked=0, Distorted=0, WritesEveryPixel=1, ModifiesMeshPosition=0, Usage={bUsedWithSkeletalMesh,bUsedWithStaticLighting}"
"/Engine/EngineMaterials/FlattenMaterial_WS_Normal_VT.FlattenMaterial_WS_Normal_VT","49","47","0","1","1136","Compiling FlattenMaterial_WS_Normal_VT: Platform=PCD3D_SM6, Usage=LightingModel=MSM_DefaultLit, BlendMode=BLEND_Opaque, SpecialEngine=0, TwoSided=0, TSNormal=0, Masked=0, Distorted=0, WritesEveryPixel=1, ModifiesMeshPosition=0, Usage={bUsedWithSkeletalMesh,bUsedWithStaticLighting,bUsedWithMorphTargets,bUsedWithNanite}, StaticSwitch'PackMetallic2-1'=False, StaticSwitch'PackRoughness2-1'=False, StaticSwitch'PackSpecular2-1'=False, StaticSwitch'UseAmbientOcclusion2-1'=False, StaticSwitch'UseBaseColor2-1'=False, StaticSwitch'UseCustomUV2-1'=False, StaticSwitch'UseEmissiveColor2-1'=False, StaticSwitch'UseEmissiveHDR2-1'=False, StaticSwitch'UseMetallic2-1'=False, StaticSwitch'UseOpacity2-1'=False, StaticSwitch'UseOpacityMask2-1'=False, StaticSwitch'UseRoughness2-1'=False, StaticSwitch'UseSpecular2-1'=False, StaticSwitch'UseUV12-1'=False, StaticSwitch'UseUV22-1'=False, StaticSwitch'UseUV32-1'=False, StaticSwitch'UseUV42-1'=False, StaticSwitch'UseUV52-1'=False, StaticSwitch'UseUV62-1'=False"
"/Engine/EngineMaterials/FlattenMaterial_VT.FlattenMaterial_VT","49","47","0","1","1174","Compiling FlattenMaterial_VT: Platform=PCD3D_SM6, Usage=LightingModel=MSM_DefaultLit, BlendMode=BLEND_Opaque, SpecialEngine=0, TwoSided=0, TSNormal=1, Masked=0, Distorted=0, WritesEveryPixel=1, ModifiesMeshPosition=0, Usage={bUsedWithSkeletalMesh,bUsedWithStaticLighting,bUsedWithMorphTargets,bUsedWithNanite}, StaticSwitch'PackMetallic2-1'=False, StaticSwitch'PackRoughness2-1'=False, StaticSwitch'PackSpecular2-1'=False, StaticSwitch'UseAmbientOcclusion2-1'=False, StaticSwitch'UseBaseColor2-1'=False, StaticSwitch'UseCustomUV2-1'=False, StaticSwitch'UseEmissiveColor2-1'=False, StaticSwitch'UseEmissiveHDR2-1'=False, StaticSwitch'UseMetallic2-1'=False, StaticSwitch'UseOpacity2-1'=False, StaticSwitch'UseOpacityMask2-1'=False, StaticSwitch'UseRoughness2-1'=False, StaticSwitch'UseSpecular2-1'=False, StaticSwitch'UseUV12-1'=False, StaticSwitch'UseUV22-1'=False, StaticSwitch'UseUV32-1'=False, StaticSwitch'UseUV42-1'=False, StaticSwitch'UseUV52-1'=False, StaticSwitch'UseUV62-1'=False"
"/Engine/EngineMaterials/FlattenMaterial.FlattenMaterial","49","47","0","1","1067","Compiling FlattenMaterial: Platform=PCD3D_SM6, Usage=LightingModel=MSM_DefaultLit, BlendMode=BLEND_Opaque, SpecialEngine=0, TwoSided=0, TSNormal=1, Masked=0, Distorted=0, WritesEveryPixel=1, ModifiesMeshPosition=0, Usage={bUsedWithSkeletalMesh,bUsedWithStaticLighting,bUsedWithMorphTargets,bUsedWithNanite}, StaticSwitch'PackMetallic2-1'=False, StaticSwitch'PackRoughness2-1'=False, StaticSwitch'PackSpecular2-1'=False, StaticSwitch'UseAmbientOcclusion2-1'=False, StaticSwitch'UseBaseColor2-1'=False, StaticSwitch'UseCustomUV2-1'=False, StaticSwitch'UseEmissiveColor2-1'=False, StaticSwitch'UseEmissiveHDR2-1'=False, StaticSwitch'UseMetallic2-1'=False, StaticSwitch'UseOpacity2-1'=False, StaticSwitch'UseOpacityMask2-1'=False, StaticSwitch'UseRoughness2-1'=False, StaticSwitch'UseSpecular2-1'=False, StaticSwitch'UseUV12-1'=False, StaticSwitch'UseUV22-1'=False, StaticSwitch'UseUV32-1'=False, StaticSwitch'UseUV42-1'=False, StaticSwitch'UseUV52-1'=False, StaticSwitch'UseUV62-1'=False"
"/Engine/EngineMaterials/M_InvalidLightmapSettings.M_InvalidLightmapSettings","49","24","0","1","323","Compiling M_InvalidLightmapSettings: Platform=PCD3D_SM6, Usage=LightingModel=MSM_DefaultLit, BlendMode=BLEND_Opaque, SpecialEngine=0, TwoSided=0, TSNormal=1, Masked=0, Distorted=0, WritesEveryPixel=1, ModifiesMeshPosition=0, Usage={bUsedWithInstancedStaticMeshes}"
"/Engine/EngineMaterials/EmissiveMeshMaterial.EmissiveMeshMaterial","49","5","0","1","17","Compiling EmissiveMeshMaterial: Platform=PCD3D_SM6, Usage=LightingModel=MSM_Unlit, BlendMode=BLEND_Additive, SpecialEngine=0, TwoSided=1, TSNormal=1, Masked=0, Distorted=0, WritesEveryPixel=1, ModifiesMeshPosition=0, Usage={}"
"/Paper2D/DefaultSpriteMaterial.DefaultSpriteMaterial","49","34","0","1","610","Compiling DefaultSpriteMaterial: Platform=PCD3D_SM6, Usage=LightingModel=MSM_Unlit, BlendMode=BLEND_Masked, SpecialEngine=0, TwoSided=1, TSNormal=1, Masked=1, Distorted=0, WritesEveryPixel=0, ModifiesMeshPosition=0, Usage={bUsedWithNiagaraSprites}"
"/Paper2D/DefaultSpriteMaterial.DefaultSpriteMaterial","49","0","0","12","0","Compiling DefaultSpriteMaterial: Platform=PCD3D_SM6, Usage=LightingModel=MSM_Unlit, BlendMode=BLEND_Opaque, SpecialEngine=0, TwoSided=1, TSNormal=1, Masked=0, Distorted=0, WritesEveryPixel=1, ModifiesMeshPosition=0, Usage={bUsedWithNiagaraSprites}"
"/Engine/EngineMaterials/PhAT_JointLimitMaterial.PhAT_JointLimitMaterial","49","8","0","2","51","Compiling PhAT_JointLimitMaterial: Platform=PCD3D_SM6, Usage=LightingModel=MSM_Unlit, BlendMode=BLEND_Translucent, SpecialEngine=0, TwoSided=1, TSNormal=1, Masked=0, Distorted=0, WritesEveryPixel=1, ModifiesMeshPosition=1, Usage={}"
"/ControlRig/M_Manip.M_Manip","49","8","0","1","46","Compiling M_Manip: Platform=PCD3D_SM6, Usage=LightingModel=MSM_Unlit, BlendMode=BLEND_Translucent, SpecialEngine=0, TwoSided=0, TSNormal=1, Masked=0, Distorted=0, WritesEveryPixel=1, ModifiesMeshPosition=1, Usage={}"
"/Engine/EngineDebugMaterials/M_VolumeRenderSphereTracePP.M_VolumeRenderSphereTracePP","49","4","0","1","13","Compiling M_VolumeRenderSphereTracePP: Platform=PCD3D_SM6, Usage=LightingModel=MSM_Unlit, BlendMode=BLEND_Opaque, SpecialEngine=0, TwoSided=0, TSNormal=1, Masked=0, Distorted=0, WritesEveryPixel=1, ModifiesMeshPosition=0, Usage={}"
"/Engine/VREditor/TransformGizmo/TransformGizmoMaterial.TransformGizmoMaterial","49","2","0","2","3","Compiling TransformGizmoMaterial: Platform=PCD3D_SM6, Usage=LightingModel=MSM_Unlit, BlendMode=BLEND_Opaque, SpecialEngine=0, TwoSided=0, TSNormal=1, Masked=0, Distorted=0, WritesEveryPixel=1, ModifiesMeshPosition=0, Usage={}"
"/Engine/EngineMaterials/Widget3DPassThrough.Widget3DPassThrough","49","3","0","1","8","Compiling Widget3DPassThrough: Platform=PCD3D_SM6, Usage=LightingModel=MSM_Unlit, BlendMode=BLEND_Translucent, SpecialEngine=0, TwoSided=0, TSNormal=1, Masked=0, Distorted=0, WritesEveryPixel=1, ModifiesMeshPosition=0, Usage={}"
"/Engine/EngineMaterials/Widget3DPassThrough.Widget3DPassThrough","49","17","0","2","116","Compiling Widget3DPassThrough: Platform=PCD3D_SM6, Usage=LightingModel=MSM_Unlit, BlendMode=BLEND_Masked, SpecialEngine=0, TwoSided=0, TSNormal=1, Masked=1, Distorted=0, WritesEveryPixel=0, ModifiesMeshPosition=0, Usage={}"
"/Engine/EngineMaterials/Widget3DPassThrough.Widget3DPassThrough","49","2","0","2","3","Compiling Widget3DPassThrough: Platform=PCD3D_SM6, Usage=LightingModel=MSM_Unlit, BlendMode=BLEND_Opaque, SpecialEngine=0, TwoSided=0, TSNormal=1, Masked=0, Distorted=0, WritesEveryPixel=1, ModifiesMeshPosition=0, Usage={}"
"/Engine/EngineMaterials/Widget3DPassThrough.Widget3DPassThrough","49","0","0","19","0","Compiling Widget3DPassThrough: Platform=PCD3D_SM6, Usage=LightingModel=MSM_Unlit, BlendMode=BLEND_Masked, SpecialEngine=0, TwoSided=1, TSNormal=1, Masked=1, Distorted=0, WritesEveryPixel=0, ModifiesMeshPosition=0, Usage={}"
"/Engine/EngineMaterials/Widget3DPassThrough.Widget3DPassThrough","49","0","0","6","0","Compiling Widget3DPassThrough: Platform=PCD3D_SM6, Usage=LightingModel=MSM_Unlit, BlendMode=BLEND_Opaque, SpecialEngine=0, TwoSided=1, TSNormal=1, Masked=0, Distorted=0, WritesEveryPixel=1, ModifiesMeshPosition=0, Usage={}"
"/Engine/EngineMaterials/Widget3DPassThrough.Widget3DPassThrough","49","0","0","5","0","Compiling Widget3DPassThrough: Platform=PCD3D_SM6, Usage=LightingModel=MSM_Unlit, BlendMode=BLEND_Translucent, SpecialEngine=0, TwoSided=1, TSNormal=1, Masked=0, Distorted=0, WritesEveryPixel=1, ModifiesMeshPosition=0, Usage={}"
"/Engine/EngineSky/VolumetricClouds/m_SimpleVolumetricCloud.m_SimpleVolumetricCloud","49","68","0","1","2328","Compiling m_SimpleVolumetricCloud: Platform=PCD3D_SM6, Usage=LightingModel=MSM_DefaultLit, BlendMode=BLEND_Additive, SpecialEngine=0, TwoSided=0, TSNormal=1, Masked=0, Distorted=0, WritesEveryPixel=1, ModifiesMeshPosition=0, Usage={bUsedWithVolumetricCloud}"
"/Engine/EngineMaterials/DefaultPostProcessMaterial.DefaultPostProcessMaterial","49","6","0","1","26","Compiling DefaultPostProcessMaterial: Platform=PCD3D_SM6, Usage=LightingModel=MSM_Unlit, BlendMode=BLEND_Opaque, SpecialEngine=0, TwoSided=0, TSNormal=1, Masked=0, Distorted=0, WritesEveryPixel=1, ModifiesMeshPosition=0, Usage={bUsedWithSkeletalMesh,bUsedWithStaticLighting}"
"/Engine/EngineMaterials/DefaultDeferredDecalMaterial.DefaultDeferredDecalMaterial","49","87","0","1","1678","Compiling DefaultDeferredDecalMaterial: Platform=PCD3D_SM6, Usage=LightingModel=MSM_DefaultLit, BlendMode=BLEND_Translucent, SpecialEngine=0, TwoSided=0, TSNormal=1, Masked=0, Distorted=0, WritesEveryPixel=1, ModifiesMeshPosition=0, Usage={bUsedWithSkeletalMesh,bUsedWithStaticLighting,bUsedWithSplineMeshes}"
"/Engine/EngineMaterials/DefaultMaterial.DefaultMaterial","49","123","0","1","2084","Compiling DefaultMaterial: Platform=PCD3D_SM6, Usage=LightingModel=MSM_DefaultLit, BlendMode=BLEND_Opaque, SpecialEngine=0, TwoSided=0, TSNormal=1, Masked=0, Distorted=0, WritesEveryPixel=1, ModifiesMeshPosition=0, Usage={bUsedWithSkeletalMesh,bUsedWithMeshParticles,bUsedWithStaticLighting,bUsedWithSplineMeshes,bUsedWithInstancedStaticMeshes,bUsedWithNiagaraSprites,bUsedWithNiagaraRibbons,bUsedWithNiagaraMeshParticles}"
"/Engine/EngineMaterials/WorldGridMaterial.WorldGridMaterial","49","775","0","4","50658","Compiling WorldGridMaterial: Platform=PCD3D_SM6, Usage=LightingModel=MSM_DefaultLit, BlendMode=BLEND_Opaque, SpecialEngine=1, TwoSided=0, TSNormal=1, Masked=0, Distorted=0, WritesEveryPixel=1, ModifiesMeshPosition=0, Usage={}"
"/Game/Characters/Mannequins/Materials/M_Mannequin.M_Mannequin","49","26","0","1","197","Compiling M_Mannequin: Platform=PCD3D_SM6, Usage=LightingModel=MSM_ClearCoat, BlendMode=BLEND_Opaque, SpecialEngine=0, TwoSided=0, TSNormal=1, Masked=0, Distorted=0, WritesEveryPixel=1, ModifiesMeshPosition=0, Usage={bUsedWithSkeletalMesh}, StaticSwitch'UseLogo2-1'=False"
"/Game/Characters/Mannequins/Materials/M_Mannequin.M_Mannequin","49","26","0","1","202","Compiling M_Mannequin: Platform=PCD3D_SM6, Usage=LightingModel=MSM_ClearCoat, BlendMode=BLEND_Opaque, SpecialEngine=0, TwoSided=0, TSNormal=1, Masked=0, Distorted=0, WritesEveryPixel=1, ModifiesMeshPosition=0, Usage={bUsedWithSkeletalMesh}, StaticSwitch'UseLogo2-1'=True"
"/Game/Materials/M_HexTile.M_HexTile","49","32","0","1","285","Compiling M_HexTile: Platform=PCD3D_SM6, Usage=LightingModel=MSM_DefaultLit, BlendMode=BLEND_Opaque, SpecialEngine=0, TwoSided=0, TSNormal=1, Masked=0, Distorted=0, WritesEveryPixel=1, ModifiesMeshPosition=0, Usage={bUsedWithInstancedStaticMeshes,bUsedWithNanite}, StaticSwitch'Instanced?2-1'=True"
"/Game/Materials/M_HexTile.M_HexTile","49","0","0","32","0","Compiling M_HexTile: Platform=PCD3D_SM6, Usage=LightingModel=MSM_DefaultLit, BlendMode=BLEND_Opaque, SpecialEngine=0, TwoSided=0, TSNormal=1, Masked=0, Distorted=0, WritesEveryPixel=1, ModifiesMeshPosition=0, Usage={bUsedWithInstancedStaticMeshes,bUsedWithNanite}, StaticSwitch'Instanced?2-1'=False"
"/Game/Materials/M_River.M_River","49","12","0","1","49","Compiling M_River: Platform=PCD3D_SM6, Usage=LightingModel=MSM_SingleLayerWater, BlendMode=BLEND_Opaque, SpecialEngine=0, TwoSided=0, TSNormal=1, Masked=0, Distorted=0, WritesEveryPixel=1, ModifiesMeshPosition=0, Usage={}"
"/Engine/BasicShapes/BasicShapeMaterial.BasicShapeMaterial","49","77","0","2","1168","Compiling BasicShapeMaterial: Platform=PCD3D_SM6, Usage=LightingModel=MSM_DefaultLit, BlendMode=BLEND_Opaque, SpecialEngine=0, TwoSided=0, TSNormal=1, Masked=0, Distorted=0, WritesEveryPixel=1, ModifiesMeshPosition=0, Usage={bUsedWithStaticLighting,bUsedWithInstancedStaticMeshes,bUsedWithGeometryCollections,bUsedWithNanite}"
"/Volumetrics/Content/Sky/Materials/M_VolumetricCloud_02_Profiles_PaintClouds.M_VolumetricCloud_02_Profiles_PaintClouds","49","68","0","4","729","Compiling M_VolumetricCloud_02_Profiles_PaintClouds: Platform=PCD3D_SM6, Usage=LightingModel=MSM_DefaultLit, BlendMode=BLEND_Additive, SpecialEngine=0, TwoSided=0, TSNormal=1, Masked=0, Distorted=0, WritesEveryPixel=1, ModifiesMeshPosition=0, Usage={bUsedWithVolumetricCloud}"
"/Engine/EngineDebugMaterials/DebugEditorMaterial.DebugEditorMaterial","49","0","0","6","0","Compiling DebugEditorMaterial: Platform=PCD3D_SM6, Usage=LightingModel=MSM_Unlit, BlendMode=BLEND_Opaque, SpecialEngine=0, TwoSided=1, TSNormal=1, Masked=0, Distorted=0, WritesEveryPixel=1, ModifiesMeshPosition=0, Usage={}"
"/MeshModelingToolset/Materials/M_DynamicMeshComponentVtxColor.M_DynamicMeshComponentVtxColor","49","0","0","18","0","Compiling M_DynamicMeshComponentVtxColor: Platform=PCD3D_SM6, Usage=LightingModel=MSM_DefaultLit, BlendMode=BLEND_Opaque, SpecialEngine=0, TwoSided=1, TSNormal=1, Masked=0, Distorted=0, WritesEveryPixel=1, ModifiesMeshPosition=0, Usage={}"
"/Engine/EngineMaterials/GizmoMaterial.GizmoMaterial","49","0","0","6","0","Compiling GizmoMaterial: Platform=PCD3D_SM6, Usage=LightingModel=MSM_Unlit, BlendMode=BLEND_Opaque, SpecialEngine=0, TwoSided=1, TSNormal=1, Masked=0, Distorted=0, WritesEveryPixel=1, ModifiesMeshPosition=0, Usage={}"
"/Engine/EngineMaterials/RemoveSurfaceMaterial.RemoveSurfaceMaterial","49","0","0","2","0","Compiling RemoveSurfaceMaterial: Platform=PCD3D_SM6, Usage=LightingModel=MSM_Unlit, BlendMode=BLEND_Opaque, SpecialEngine=0, TwoSided=0, TSNormal=1, Masked=0, Distorted=0, WritesEveryPixel=1, ModifiesMeshPosition=0, Usage={bUsedWithStaticLighting}"
"/Engine/EngineMaterials/DefaultLightFunctionMaterial.DefaultLightFunctionMaterial","49","0","0","23","0","Compiling DefaultLightFunctionMaterial: Platform=PCD3D_SM6, Usage=LightingModel=MSM_Unlit, BlendMode=BLEND_Opaque, SpecialEngine=0, TwoSided=0, TSNormal=1, Masked=0, Distorted=0, WritesEveryPixel=1, ModifiesMeshPosition=0, Usage={}"
"/Engine/EditorMaterials/PhAT_NoCollisionMaterial.PhAT_NoCollisionMaterial","49","0","0","3","0","Compiling PhAT_NoCollisionMaterial: Platform=PCD3D_SM6, Usage=LightingModel=MSM_Unlit, BlendMode=BLEND_Translucent, SpecialEngine=0, TwoSided=0, TSNormal=1, Masked=0, Distorted=0, WritesEveryPixel=1, ModifiesMeshPosition=0, Usage={}"
"/Engine/EditorMaterials/PhAT_UnselectedMaterial.PhAT_UnselectedMaterial","49","0","0","3","0","Compiling PhAT_UnselectedMaterial: Platform=PCD3D_SM6, Usage=LightingModel=MSM_Unlit, BlendMode=BLEND_Translucent, SpecialEngine=0, TwoSided=0, TSNormal=1, Masked=0, Distorted=0, WritesEveryPixel=1, ModifiesMeshPosition=0, Usage={}"
"/Engine/VREditor/TransformGizmo/TranslucentTransformGizmoMaterial.TranslucentTransformGizmoMaterial","49","0","0","3","0","Compiling TranslucentTransformGizmoMaterial: Platform=PCD3D_SM6, Usage=LightingModel=MSM_Unlit, BlendMode=BLEND_Translucent, SpecialEngine=0, TwoSided=0, TSNormal=1, Masked=0, Distorted=0, WritesEveryPixel=1, ModifiesMeshPosition=0, Usage={}"
"/ControlRig/Controls/ControlRigGizmoMaterial.ControlRigGizmoMaterial","49","0","0","2","0","Compiling ControlRigGizmoMaterial: Platform=PCD3D_SM6, Usage=LightingModel=MSM_Unlit, BlendMode=BLEND_Opaque, SpecialEngine=0, TwoSided=0, TSNormal=1, Masked=0, Distorted=0, WritesEveryPixel=1, ModifiesMeshPosition=0, Usage={}"
"/Engine/EngineDebugMaterials/M_SimpleUnlitTranslucent.M_SimpleUnlitTranslucent","49","0","0","3","0","Compiling M_SimpleUnlitTranslucent: Platform=PCD3D_SM6, Usage=LightingModel=MSM_Unlit, BlendMode=BLEND_Translucent, SpecialEngine=0, TwoSided=0, TSNormal=1, Masked=0, Distorted=0, WritesEveryPixel=1, ModifiesMeshPosition=0, Usage={}"
"/Engine/EngineDebugMaterials/DebugMeshMaterial.DebugMeshMaterial","49","0","0","5","0","Compiling DebugMeshMaterial: Platform=PCD3D_SM6, Usage=LightingModel=MSM_Unlit, BlendMode=BLEND_Translucent, SpecialEngine=0, TwoSided=1, TSNormal=1, Masked=0, Distorted=0, WritesEveryPixel=1, ModifiesMeshPosition=0, Usage={}"
"/Engine/EngineMaterials/NaniteHiddenSectionMaterial.NaniteHiddenSectionMaterial","49","0","0","29","0","Compiling NaniteHiddenSectionMaterial: Platform=PCD3D_SM6, Usage=LightingModel=MSM_DefaultLit, BlendMode=BLEND_Opaque, SpecialEngine=0, TwoSided=1, TSNormal=1, Masked=0, Distorted=0, WritesEveryPixel=1, ModifiesMeshPosition=1, Usage={}"
"/SpeedTreeImporter/SpeedTree9/SpeedTreeMaster.SpeedTreeMaster","49","0","0","88","0","Compiling SpeedTreeMaster: Platform=PCD3D_SM6, Usage=LightingModel=MSM_TwoSidedFoliage, BlendMode=BLEND_Masked, SpecialEngine=0, TwoSided=1, TSNormal=1, Masked=1, Distorted=0, WritesEveryPixel=0, ModifiesMeshPosition=1, Usage={bUsedWithStaticLighting,bUsedWithInstancedStaticMeshes}, StaticSwitch'Branch1Enable2-1'=True, StaticSwitch'Branch2Enable2-1'=False, StaticSwitch'FlipBacksideNormals2-1'=True, StaticSwitch'HandleCameraFacing2-1'=False, StaticSwitch'HasBranch2Data_Internal2-1'=False, StaticSwitch'RippleEnable2-1'=True, StaticSwitch'RippleShimmerEnable2-1'=False, StaticSwitch'SharedEnable2-1'=True"
"/Game/Blueprints/FogOfWar/FOW_GameActorMat.FOW_GameActorMat","49","0","0","3","0","Compiling FOW_GameActorMat: Platform=PCD3D_SM6, Usage=LightingModel=MSM_Unlit, BlendMode=BLEND_Translucent, SpecialEngine=0, TwoSided=0, TSNormal=1, Masked=0, Distorted=0, WritesEveryPixel=1, ModifiesMeshPosition=0, Usage={}"
"/Engine/EditorMaterials/PreviewShadowIndicatorMaterial.PreviewShadowIndicatorMaterial","49","0","0","23","0","Compiling PreviewShadowIndicatorMaterial: Platform=PCD3D_SM6, Usage=LightingModel=MSM_Unlit, BlendMode=BLEND_Opaque, SpecialEngine=0, TwoSided=0, TSNormal=1, Masked=0, Distorted=0, WritesEveryPixel=1, ModifiesMeshPosition=0, Usage={}"
"/Game/StarterContent/Materials/M_Metal_Steel.M_Metal_Steel","49","0","0","21","0","Compiling M_Metal_Steel: Platform=PCD3D_SM6, Usage=LightingModel=MSM_DefaultLit, BlendMode=BLEND_Opaque, SpecialEngine=0, TwoSided=0, TSNormal=1, Masked=0, Distorted=0, WritesEveryPixel=1, ModifiesMeshPosition=0, Usage={bUsedWithStaticLighting}"
"/Engine/EngineMaterials/DefaultTextMaterialOpaque.DefaultTextMaterialOpaque","49","0","0","31","0","Compiling DefaultTextMaterialOpaque: Platform=PCD3D_SM6, Usage=LightingModel=MSM_DefaultLit, BlendMode=BLEND_Masked, SpecialEngine=0, TwoSided=1, TSNormal=1, Masked=1, Distorted=0, WritesEveryPixel=0, ModifiesMeshPosition=0, Usage={}"
"/Engine/EngineMaterials/PPM_DefaultCalibrationGrayscale.PPM_DefaultCalibrationGrayscale","49","0","0","4","0","Compiling PPM_DefaultCalibrationGrayscale: Platform=PCD3D_SM6, Usage=LightingModel=MSM_Unlit, BlendMode=BLEND_Opaque, SpecialEngine=0, TwoSided=0, TSNormal=1, Masked=0, Distorted=0, WritesEveryPixel=1, ModifiesMeshPosition=0, Usage={}"
"/Game/Blueprints/FogOfWar/FOW_Exploring_Mat.FOW_Exploring_Mat","49","0","0","3","0","Compiling FOW_Exploring_Mat: Platform=PCD3D_SM6, Usage=LightingModel=MSM_Unlit, BlendMode=BLEND_Additive, SpecialEngine=0, TwoSided=0, TSNormal=1, Masked=0, Distorted=0, WritesEveryPixel=1, ModifiesMeshPosition=0, Usage={}"
"/Engine/VREditor/TransformGizmo/Main.Main","49","0","0","3","0","Compiling Main: Platform=PCD3D_SM6, Usage=LightingModel=MSM_Unlit, BlendMode=BLEND_Translucent, SpecialEngine=0, TwoSided=0, TSNormal=1, Masked=0, Distorted=0, WritesEveryPixel=1, ModifiesMeshPosition=0, Usage={}"
"/ControlRig/Controls/ControlRigXRayMaterial.ControlRigXRayMaterial","49","0","0","9","0","Compiling ControlRigXRayMaterial: Platform=PCD3D_SM6, Usage=LightingModel=MSM_Unlit, BlendMode=BLEND_Translucent, SpecialEngine=0, TwoSided=0, TSNormal=1, Masked=0, Distorted=0, WritesEveryPixel=1, ModifiesMeshPosition=1, Usage={bUsedWithStaticLighting}"
"/Engine/EditorLandscapeResources/SplineEditorMeshMat.SplineEditorMeshMat","49","0","0","12","0","Compiling SplineEditorMeshMat: Platform=PCD3D_SM6, Usage=LightingModel=MSM_Unlit, BlendMode=BLEND_Opaque, SpecialEngine=0, TwoSided=1, TSNormal=1, Masked=0, Distorted=0, WritesEveryPixel=1, ModifiesMeshPosition=0, Usage={bUsedWithSplineMeshes}"
"/Engine/EditorMaterials/Camera/CineMat.CineMat","49","0","0","24","0","Compiling CineMat: Platform=PCD3D_SM6, Usage=LightingModel=MSM_DefaultLit, BlendMode=BLEND_Opaque, SpecialEngine=0, TwoSided=0, TSNormal=1, Masked=0, Distorted=0, WritesEveryPixel=1, ModifiesMeshPosition=0, Usage={bUsedWithSplineMeshes}"
"/Engine/VREditor/TransformGizmo/Xray.Xray","49","0","0","12","0","Compiling Xray: Platform=PCD3D_SM6, Usage=LightingModel=MSM_DefaultLit, BlendMode=BLEND_Opaque, SpecialEngine=0, TwoSided=0, TSNormal=1, Masked=0, Distorted=0, WritesEveryPixel=1, ModifiesMeshPosition=0, Usage={}"
"/Game/Blueprints/FogOfWar/FOW_Explored_Mat.FOW_Explored_Mat","49","0","0","3","0","Compiling FOW_Explored_Mat: Platform=PCD3D_SM6, Usage=LightingModel=MSM_Unlit, BlendMode=BLEND_Additive, SpecialEngine=0, TwoSided=0, TSNormal=1, Masked=0, Distorted=0, WritesEveryPixel=1, ModifiesMeshPosition=0, Usage={}"
"/Engine/EngineMaterials/PPM_DefaultCalibrationColor.PPM_DefaultCalibrationColor","49","0","0","4","0","Compiling PPM_DefaultCalibrationColor: Platform=PCD3D_SM6, Usage=LightingModel=MSM_Unlit, BlendMode=BLEND_Opaque, SpecialEngine=0, TwoSided=0, TSNormal=1, Masked=0, Distorted=0, WritesEveryPixel=1, ModifiesMeshPosition=0, Usage={}"
"/SpeedTreeImporter/SpeedTree9/SpeedTreeBillboardMaster.SpeedTreeBillboardMaster","49","0","0","62","0","Compiling SpeedTreeBillboardMaster: Platform=PCD3D_SM6, Usage=LightingModel=MSM_TwoSidedFoliage, BlendMode=BLEND_Masked, SpecialEngine=0, TwoSided=0, TSNormal=1, Masked=1, Distorted=0, WritesEveryPixel=0, ModifiesMeshPosition=1, Usage={bUsedWithInstancedStaticMeshes}, StaticSwitch'SharedEnable2-1'=True"
"/Game/Blueprints/Sprite_FaceCamera/Test_Sprite.Test_Sprite","49","0","0","12","0","Compiling Test_Sprite: Platform=PCD3D_SM6, Usage=LightingModel=MSM_DefaultLit, BlendMode=BLEND_Opaque, SpecialEngine=0, TwoSided=0, TSNormal=1, Masked=0, Distorted=0, WritesEveryPixel=1, ModifiesMeshPosition=0, Usage={}"
"/Game/Blueprints/Tile_Textures/Asset_Textures/Materials/Rock_Material.Rock_Material","49","0","0","18","0","Compiling Rock_Material: Platform=PCD3D_SM6, Usage=LightingModel=MSM_DefaultLit, BlendMode=BLEND_Translucent, SpecialEngine=0, TwoSided=0, TSNormal=1, Masked=0, Distorted=0, WritesEveryPixel=1, ModifiesMeshPosition=0, Usage={}"
"/Game/Materials/M_HexTileBlight.M_HexTileBlight","49","0","0","36","0","Compiling M_HexTileBlight: Platform=PCD3D_SM6, Usage=LightingModel=MSM_DefaultLit, BlendMode=BLEND_Translucent, SpecialEngine=0, TwoSided=0, TSNormal=1, Masked=0, Distorted=0, WritesEveryPixel=1, ModifiesMeshPosition=0, Usage={bUsedWithInstancedStaticMeshes}, StaticSwitch'Instanced?2-1'=False"
"/Game/StarterContent/Materials/M_Basic_Wall.M_Basic_Wall","49","0","0","21","0","Compiling M_Basic_Wall: Platform=PCD3D_SM6, Usage=LightingModel=MSM_DefaultLit, BlendMode=BLEND_Opaque, SpecialEngine=0, TwoSided=0, TSNormal=1, Masked=0, Distorted=0, WritesEveryPixel=1, ModifiesMeshPosition=0, Usage={bUsedWithStaticLighting}"
"/Engine/EngineSky/M_SimpleSkyDome.M_SimpleSkyDome","49","0","0","2","0","Compiling M_SimpleSkyDome: Platform=PCD3D_SM6, Usage=LightingModel=MSM_Unlit, BlendMode=BLEND_Opaque, SpecialEngine=0, TwoSided=0, TSNormal=1, Masked=0, Distorted=0, WritesEveryPixel=1, ModifiesMeshPosition=0, Usage={}"
"/Game/Materials/M_FogOfWar.M_FogOfWar","49","0","0","4","0","Compiling M_FogOfWar: Platform=PCD3D_SM6, Usage=LightingModel=MSM_Unlit, BlendMode=BLEND_Opaque, SpecialEngine=0, TwoSided=0, TSNormal=1, Masked=0, Distorted=0, WritesEveryPixel=1, ModifiesMeshPosition=0, Usage={}"
"/Engine/EngineSky/M_Sky_Panning_Clouds2.M_Sky_Panning_Clouds2","49","0","0","2","0","Compiling M_Sky_Panning_Clouds2: Platform=PCD3D_SM6, Usage=LightingModel=MSM_Unlit, BlendMode=BLEND_Opaque, SpecialEngine=0, TwoSided=0, TSNormal=1, Masked=0, Distorted=0, WritesEveryPixel=1, ModifiesMeshPosition=0, Usage={bUsedWithStaticLighting}"
"/Game/Blueprints/Tile_Textures/Asset_Textures/Materials/Tree_Material.Tree_Material","49","0","0","18","0","Compiling Tree_Material: Platform=PCD3D_SM6, Usage=LightingModel=MSM_DefaultLit, BlendMode=BLEND_Translucent, SpecialEngine=0, TwoSided=0, TSNormal=1, Masked=0, Distorted=0, WritesEveryPixel=1, ModifiesMeshPosition=0, Usage={}"
